,tone with duplicates,tone without duplicates,analytic with duplicates,analytic without duplicates,avg_narrative_flow_s with duplicates,avg_narrative_flow_s without duplicates,cogproc with duplicates,cogproc without duplicates,posemo with duplicates,posemo without duplicates,negemo with duplicates,negemo without duplicates,i with duplicates,i without duplicates,concreteness with duplicates,concreteness without duplicates
t-statistic,5.941900197437458,5.750460488958155,-10.537204477262906,-10.43928301982841,18.42036034434874,17.2956679102046,12.149090171626419,11.577570156045104,9.772451738361976,9.911945293211192,2.891339209821536,2.934485125228558,8.221949775806047,8.240973991696205,4.800806334481828,5.040282757355434
pvalue,3.171657699504528e-09,9.952224661270892e-09,1.7647029679327407e-25,5.149209963561565e-25,1.5012805024952186e-71,1.7306360295493137e-63,4.016703032192216e-33,2.9720014705681817e-30,3.376474940412076e-22,9.399564470160742e-23,0.0038660757782349306,0.003370607800406556,3.0474785440467415e-16,2.688816090601323e-16,1.6646863127716257e-06,4.971499163859506e-07
effect size,0.11695572027506124,0.11706093402866255,-0.24087808044778747,-0.24714990818052684,0.44098378126230514,0.426667717079062,0.29105177865855975,0.28749055810007457,0.21490836504160254,0.22592288891084114,0.059175993582319626,0.062216108860699226,0.15693065548588014,0.1631632789132261,0.11989439683270825,0.13026241983314657
